AttribuutID	Attribuut	Datatype	Wijzigingsdatum
2	333	14481	Fri Mar 24 2023 00:00:00 GMT+0000 (Coordinated Universal Time)
819	335	14583	Fri Apr 01 2022 00:00:00 GMT+0000 (Coordinated Universal Time)
821	337	14583	Fri Apr 01 2022 00:00:00 GMT+0000 (Coordinated Universal Time)
822	338	14583	Fri Apr 01 2022 00:00:00 GMT+0000 (Coordinated Universal Time)
823	339	14580	Fri Apr 01 2022 00:00:00 GMT+0000 (Coordinated Universal Time)
827	343	14583	Fri Apr 01 2022 00:00:00 GMT+0000 (Coordinated Universal Time)
829	345	14583	Fri Apr 01 2022 00:00:00 GMT+0000 (Coordinated Universal Time)
831	347	14583	Fri Apr 01 2022 00:00:00 GMT+0000 (Coordinated Universal Time)
832	348	14583	Fri Apr 01 2022 00:00:00 GMT+0000 (Coordinated Universal Time)
833	349	14583	Fri Apr 01 2022 00:00:00 GMT+0000 (Coordinated Universal Time)
837	353	14583	Fri Apr 01 2022 00:00:00 GMT+0000 (Coordinated Universal Time)
838	354	14484	Fri Mar 24 2023 00:00:00 GMT+0000 (Coordinated Universal Time)
846	362	14481	Fri Mar 24 2023 00:00:00 GMT+0000 (Coordinated Universal Time)
850	366	14481	Fri Mar 24 2023 00:00:00 GMT+0000 (Coordinated Universal Time)
853	369	14481	Fri Mar 24 2023 00:00:00 GMT+0000 (Coordinated Universal Time)
854	370	14481	Fri Mar 24 2023 00:00:00 GMT+0000 (Coordinated Universal Time)
857	373	14481	Fri Mar 24 2023 00:00:00 GMT+0000 (Coordinated Universal Time)
859	375	14481	Fri Mar 24 2023 00:00:00 GMT+0000 (Coordinated Universal Time)
867	383	14587	Fri Apr 01 2022 00:00:00 GMT+0000 (Coordinated Universal Time)
868	384	14587	Fri Apr 01 2022 00:00:00 GMT+0000 (Coordinated Universal Time)
871	387	14582	Fri Apr 01 2022 00:00:00 GMT+0000 (Coordinated Universal Time)
874	390	14587	Fri Apr 01 2022 00:00:00 GMT+0000 (Coordinated Universal Time)
875	391	14587	Fri Apr 01 2022 00:00:00 GMT+0000 (Coordinated Universal Time)
876	392	14481	Fri Mar 24 2023 00:00:00 GMT+0000 (Coordinated Universal Time)
877	393	14583	Fri Apr 01 2022 00:00:00 GMT+0000 (Coordinated Universal Time)
878	394	14580	Fri Apr 01 2022 00:00:00 GMT+0000 (Coordinated Universal Time)
879	395	14481	Fri Mar 24 2023 00:00:00 GMT+0000 (Coordinated Universal Time)
882	398	14580	Fri Apr 01 2022 00:00:00 GMT+0000 (Coordinated Universal Time)
883	399	14583	Fri Apr 01 2022 00:00:00 GMT+0000 (Coordinated Universal Time)
884	400	14586	Fri Apr 01 2022 00:00:00 GMT+0000 (Coordinated Universal Time)
886	402	14580	Fri Apr 01 2022 00:00:00 GMT+0000 (Coordinated Universal Time)
887	403	14484	Fri Mar 24 2023 00:00:00 GMT+0000 (Coordinated Universal Time)
888	404	14481	Fri Mar 24 2023 00:00:00 GMT+0000 (Coordinated Universal Time)
892	408	14481	Wed Nov 06 2024 00:00:00 GMT+0000 (Coordinated Universal Time)
894	410	14481	Fri Mar 24 2023 00:00:00 GMT+0000 (Coordinated Universal Time)
895	411	14481	Fri Mar 24 2023 00:00:00 GMT+0000 (Coordinated Universal Time)
896	412	14481	Fri Mar 24 2023 00:00:00 GMT+0000 (Coordinated Universal Time)
900	416	14484	Mon Apr 17 2023 00:00:00 GMT+0000 (Coordinated Universal Time)
901	417	14481	Fri Mar 24 2023 00:00:00 GMT+0000 (Coordinated Universal Time)
903	419	14583	Fri Apr 01 2022 00:00:00 GMT+0000 (Coordinated Universal Time)
904	420	14581	Fri Apr 01 2022 00:00:00 GMT+0000 (Coordinated Universal Time)
905	421	14581	Fri Apr 01 2022 00:00:00 GMT+0000 (Coordinated Universal Time)
908	424	14484	Fri Mar 24 2023 00:00:00 GMT+0000 (Coordinated Universal Time)
909	425	14587	Fri Apr 01 2022 00:00:00 GMT+0000 (Coordinated Universal Time)
910	426	14587	Fri Apr 01 2022 00:00:00 GMT+0000 (Coordinated Universal Time)
911	427	14481	Fri Mar 24 2023 00:00:00 GMT+0000 (Coordinated Universal Time)
912	428	14587	Fri Apr 01 2022 00:00:00 GMT+0000 (Coordinated Universal Time)
913	429	14481	Fri Mar 24 2023 00:00:00 GMT+0000 (Coordinated Universal Time)
915	431	14583	Fri Apr 01 2022 00:00:00 GMT+0000 (Coordinated Universal Time)
917	433	14586	Fri Apr 01 2022 00:00:00 GMT+0000 (Coordinated Universal Time)
920	436	14585	Fri Apr 01 2022 00:00:00 GMT+0000 (Coordinated Universal Time)
921	437	14587	Fri Apr 01 2022 00:00:00 GMT+0000 (Coordinated Universal Time)
922	438	14484	Fri Mar 24 2023 00:00:00 GMT+0000 (Coordinated Universal Time)
924	440	21778	Mon Mar 27 2023 00:00:00 GMT+0000 (Coordinated Universal Time)
925	441	14481	Fri Mar 24 2023 00:00:00 GMT+0000 (Coordinated Universal Time)
929	445	14586	Fri Apr 01 2022 00:00:00 GMT+0000 (Coordinated Universal Time)
932	448	14481	Fri Mar 24 2023 00:00:00 GMT+0000 (Coordinated Universal Time)
934	450	14481	Fri Mar 24 2023 00:00:00 GMT+0000 (Coordinated Universal Time)
935	451	14583	Fri Apr 01 2022 00:00:00 GMT+0000 (Coordinated Universal Time)
936	452	14587	Fri Apr 01 2022 00:00:00 GMT+0000 (Coordinated Universal Time)
937	453	14583	Fri Apr 01 2022 00:00:00 GMT+0000 (Coordinated Universal Time)
938	454	14580	Fri Apr 01 2022 00:00:00 GMT+0000 (Coordinated Universal Time)
939	455	14583	Fri Apr 01 2022 00:00:00 GMT+0000 (Coordinated Universal Time)
940	456	14583	Fri Apr 01 2022 00:00:00 GMT+0000 (Coordinated Universal Time)
943	459	14583	Fri Apr 01 2022 00:00:00 GMT+0000 (Coordinated Universal Time)
945	461	14484	Fri Mar 24 2023 00:00:00 GMT+0000 (Coordinated Universal Time)
946	462	14581	Fri Apr 01 2022 00:00:00 GMT+0000 (Coordinated Universal Time)
947	463	14583	Fri Apr 01 2022 00:00:00 GMT+0000 (Coordinated Universal Time)
948	464	14481	Fri Mar 24 2023 00:00:00 GMT+0000 (Coordinated Universal Time)
950	466	14583	Fri Apr 01 2022 00:00:00 GMT+0000 (Coordinated Universal Time)
951	467	14583	Fri Apr 01 2022 00:00:00 GMT+0000 (Coordinated Universal Time)
952	468	14583	Fri Apr 01 2022 00:00:00 GMT+0000 (Coordinated Universal Time)
953	469	14583	Fri Apr 01 2022 00:00:00 GMT+0000 (Coordinated Universal Time)
954	470	14583	Fri Apr 01 2022 00:00:00 GMT+0000 (Coordinated Universal Time)
957	473	14587	Fri Apr 01 2022 00:00:00 GMT+0000 (Coordinated Universal Time)
958	474	14583	Fri Apr 01 2022 00:00:00 GMT+0000 (Coordinated Universal Time)
959	475	14587	Fri Apr 01 2022 00:00:00 GMT+0000 (Coordinated Universal Time)
960	476	14583	Fri Apr 01 2022 00:00:00 GMT+0000 (Coordinated Universal Time)
961	477	14583	Fri Apr 01 2022 00:00:00 GMT+0000 (Coordinated Universal Time)
962	478	14583	Fri Apr 01 2022 00:00:00 GMT+0000 (Coordinated Universal Time)
963	479	14583	Fri Apr 01 2022 00:00:00 GMT+0000 (Coordinated Universal Time)
964	480	14583	Fri Apr 01 2022 00:00:00 GMT+0000 (Coordinated Universal Time)
965	481	14481	Fri Mar 24 2023 00:00:00 GMT+0000 (Coordinated Universal Time)
967	483	14484	Wed May 01 2024 00:00:00 GMT+0000 (Coordinated Universal Time)
968	484	14587	Fri Apr 01 2022 00:00:00 GMT+0000 (Coordinated Universal Time)
969	485	14583	Fri Apr 01 2022 00:00:00 GMT+0000 (Coordinated Universal Time)
970	486	14583	Fri Apr 01 2022 00:00:00 GMT+0000 (Coordinated Universal Time)
971	487	14583	Fri Apr 01 2022 00:00:00 GMT+0000 (Coordinated Universal Time)
972	488	14583	Fri Apr 01 2022 00:00:00 GMT+0000 (Coordinated Universal Time)
975	491	14481	Fri Mar 24 2023 00:00:00 GMT+0000 (Coordinated Universal Time)
976	492	14481	Fri Mar 24 2023 00:00:00 GMT+0000 (Coordinated Universal Time)
977	493	14583	Fri Apr 01 2022 00:00:00 GMT+0000 (Coordinated Universal Time)
978	494	14580	Fri Apr 01 2022 00:00:00 GMT+0000 (Coordinated Universal Time)
981	497	14586	Fri Apr 01 2022 00:00:00 GMT+0000 (Coordinated Universal Time)
982	498	14586	Fri Apr 01 2022 00:00:00 GMT+0000 (Coordinated Universal Time)
983	499	14583	Fri Apr 01 2022 00:00:00 GMT+0000 (Coordinated Universal Time)
984	500	14583	Fri Apr 01 2022 00:00:00 GMT+0000 (Coordinated Universal Time)
985	501	14583	Fri Apr 01 2022 00:00:00 GMT+0000 (Coordinated Universal Time)
986	502	14484	Fri Mar 24 2023 00:00:00 GMT+0000 (Coordinated Universal Time)
987	503	14583	Fri Apr 01 2022 00:00:00 GMT+0000 (Coordinated Universal Time)
988	504	14583	Fri Apr 01 2022 00:00:00 GMT+0000 (Coordinated Universal Time)
990	506	14583	Fri Apr 01 2022 00:00:00 GMT+0000 (Coordinated Universal Time)
991	507	14481	Fri Mar 24 2023 00:00:00 GMT+0000 (Coordinated Universal Time)
992	508	14481	Fri Mar 24 2023 00:00:00 GMT+0000 (Coordinated Universal Time)
993	509	14481	Fri Mar 24 2023 00:00:00 GMT+0000 (Coordinated Universal Time)
994	510	14580	Fri Apr 01 2022 00:00:00 GMT+0000 (Coordinated Universal Time)
997	513	14481	Fri Mar 24 2023 00:00:00 GMT+0000 (Coordinated Universal Time)
1000	516	14583	Fri Apr 01 2022 00:00:00 GMT+0000 (Coordinated Universal Time)
1001	517	14583	Fri Apr 01 2022 00:00:00 GMT+0000 (Coordinated Universal Time)
1002	518	14583	Fri Apr 01 2022 00:00:00 GMT+0000 (Coordinated Universal Time)
1003	519	14587	Fri Apr 01 2022 00:00:00 GMT+0000 (Coordinated Universal Time)
1004	520	14481	Fri Mar 24 2023 00:00:00 GMT+0000 (Coordinated Universal Time)
1005	521	14481	Fri Mar 24 2023 00:00:00 GMT+0000 (Coordinated Universal Time)
1007	523	14481	Fri Mar 24 2023 00:00:00 GMT+0000 (Coordinated Universal Time)
1011	527	14481	Fri Mar 24 2023 00:00:00 GMT+0000 (Coordinated Universal Time)
1012	528	14481	Fri Mar 24 2023 00:00:00 GMT+0000 (Coordinated Universal Time)
1013	529	14583	Fri Apr 01 2022 00:00:00 GMT+0000 (Coordinated Universal Time)
1016	532	14580	Fri Apr 01 2022 00:00:00 GMT+0000 (Coordinated Universal Time)
1017	533	14583	Fri Apr 01 2022 00:00:00 GMT+0000 (Coordinated Universal Time)
1019	535	14585	Fri Apr 01 2022 00:00:00 GMT+0000 (Coordinated Universal Time)
1020	536	14481	Fri Mar 24 2023 00:00:00 GMT+0000 (Coordinated Universal Time)
1024	540	14580	Fri Apr 01 2022 00:00:00 GMT+0000 (Coordinated Universal Time)
1025	541	14481	Fri Mar 24 2023 00:00:00 GMT+0000 (Coordinated Universal Time)
1027	543	14583	Tue Jan 17 2023 00:00:00 GMT+0000 (Coordinated Universal Time)
1028	544	14583	Fri Apr 01 2022 00:00:00 GMT+0000 (Coordinated Universal Time)
1029	545	14583	Fri Apr 01 2022 00:00:00 GMT+0000 (Coordinated Universal Time)
1030	546	14580	Fri Apr 01 2022 00:00:00 GMT+0000 (Coordinated Universal Time)
1031	547	14583	Fri Apr 01 2022 00:00:00 GMT+0000 (Coordinated Universal Time)
1032	548	14481	Fri Mar 24 2023 00:00:00 GMT+0000 (Coordinated Universal Time)
1037	553	14583	Fri Apr 01 2022 00:00:00 GMT+0000 (Coordinated Universal Time)
1038	554	14583	Fri Apr 01 2022 00:00:00 GMT+0000 (Coordinated Universal Time)
1039	555	14586	Fri Apr 01 2022 00:00:00 GMT+0000 (Coordinated Universal Time)
1041	557	14481	Fri Mar 24 2023 00:00:00 GMT+0000 (Coordinated Universal Time)
1042	558	14481	Fri Mar 24 2023 00:00:00 GMT+0000 (Coordinated Universal Time)
1043	559	14585	Fri Apr 01 2022 00:00:00 GMT+0000 (Coordinated Universal Time)
1044	560	14583	Fri Apr 01 2022 00:00:00 GMT+0000 (Coordinated Universal Time)
1045	561	14484	Fri Mar 24 2023 00:00:00 GMT+0000 (Coordinated Universal Time)
1047	563	14580	Fri Apr 01 2022 00:00:00 GMT+0000 (Coordinated Universal Time)
1048	564	14583	Fri Apr 01 2022 00:00:00 GMT+0000 (Coordinated Universal Time)
1049	565	14583	Fri Apr 01 2022 00:00:00 GMT+0000 (Coordinated Universal Time)
1050	566	14583	Fri Apr 01 2022 00:00:00 GMT+0000 (Coordinated Universal Time)
1051	567	14587	Fri Apr 01 2022 00:00:00 GMT+0000 (Coordinated Universal Time)
1053	569	14481	Fri Mar 24 2023 00:00:00 GMT+0000 (Coordinated Universal Time)
1054	570	14583	Fri Apr 01 2022 00:00:00 GMT+0000 (Coordinated Universal Time)
1056	572	14583	Fri Apr 01 2022 00:00:00 GMT+0000 (Coordinated Universal Time)
1057	573	14583	Fri Apr 01 2022 00:00:00 GMT+0000 (Coordinated Universal Time)
1058	574	14583	Fri Apr 01 2022 00:00:00 GMT+0000 (Coordinated Universal Time)
1060	576	14581	Fri Apr 01 2022 00:00:00 GMT+0000 (Coordinated Universal Time)
1061	577	14587	Fri Apr 01 2022 00:00:00 GMT+0000 (Coordinated Universal Time)
1062	578	14586	Fri Apr 01 2022 00:00:00 GMT+0000 (Coordinated Universal Time)
1063	579	14586	Fri Apr 01 2022 00:00:00 GMT+0000 (Coordinated Universal Time)
1064	580	14583	Fri Apr 01 2022 00:00:00 GMT+0000 (Coordinated Universal Time)
1065	581	14580	Fri Apr 01 2022 00:00:00 GMT+0000 (Coordinated Universal Time)
1066	582	14583	Fri Apr 01 2022 00:00:00 GMT+0000 (Coordinated Universal Time)
1067	583	14585	Fri Apr 01 2022 00:00:00 GMT+0000 (Coordinated Universal Time)
1068	584	14580	Fri Apr 01 2022 00:00:00 GMT+0000 (Coordinated Universal Time)
1069	585	14580	Fri Apr 01 2022 00:00:00 GMT+0000 (Coordinated Universal Time)
1072	588	21778	Fri Mar 24 2023 00:00:00 GMT+0000 (Coordinated Universal Time)
1073	589	14583	Fri Apr 01 2022 00:00:00 GMT+0000 (Coordinated Universal Time)
1074	590	14587	Fri Apr 01 2022 00:00:00 GMT+0000 (Coordinated Universal Time)
1075	591	14586	Fri Apr 01 2022 00:00:00 GMT+0000 (Coordinated Universal Time)
1080	596	14580	Fri Apr 01 2022 00:00:00 GMT+0000 (Coordinated Universal Time)
1082	598	14481	Fri Mar 24 2023 00:00:00 GMT+0000 (Coordinated Universal Time)
1083	599	14583	Fri Apr 01 2022 00:00:00 GMT+0000 (Coordinated Universal Time)
1084	600	14583	Fri Apr 01 2022 00:00:00 GMT+0000 (Coordinated Universal Time)
1085	601	14481	Fri Mar 24 2023 00:00:00 GMT+0000 (Coordinated Universal Time)
1087	603	14583	Fri Apr 01 2022 00:00:00 GMT+0000 (Coordinated Universal Time)
1088	604	14583	Fri Apr 01 2022 00:00:00 GMT+0000 (Coordinated Universal Time)
1089	605	14481	Fri Mar 24 2023 00:00:00 GMT+0000 (Coordinated Universal Time)
1090	606	14583	Fri Apr 01 2022 00:00:00 GMT+0000 (Coordinated Universal Time)
1092	608	14481	Fri Mar 24 2023 00:00:00 GMT+0000 (Coordinated Universal Time)
1093	609	14583	Fri Apr 01 2022 00:00:00 GMT+0000 (Coordinated Universal Time)
1099	615	14580	Fri Apr 01 2022 00:00:00 GMT+0000 (Coordinated Universal Time)
1101	617	14481	Fri Mar 24 2023 00:00:00 GMT+0000 (Coordinated Universal Time)
1102	618	14481	Fri Mar 24 2023 00:00:00 GMT+0000 (Coordinated Universal Time)
1104	620	14583	Fri Apr 01 2022 00:00:00 GMT+0000 (Coordinated Universal Time)
1105	621	14583	Fri Apr 01 2022 00:00:00 GMT+0000 (Coordinated Universal Time)
1107	623	14583	Fri Apr 01 2022 00:00:00 GMT+0000 (Coordinated Universal Time)
1108	624	14481	Fri Mar 24 2023 00:00:00 GMT+0000 (Coordinated Universal Time)
1110	626	14481	Fri Mar 24 2023 00:00:00 GMT+0000 (Coordinated Universal Time)
1111	627	14580	Fri Apr 01 2022 00:00:00 GMT+0000 (Coordinated Universal Time)
1114	630	14583	Fri Apr 01 2022 00:00:00 GMT+0000 (Coordinated Universal Time)
1118	634	14481	Fri Mar 24 2023 00:00:00 GMT+0000 (Coordinated Universal Time)
1119	635	14583	Fri Apr 01 2022 00:00:00 GMT+0000 (Coordinated Universal Time)
1120	636	14583	Fri Apr 01 2022 00:00:00 GMT+0000 (Coordinated Universal Time)
1121	637	14583	Fri Apr 01 2022 00:00:00 GMT+0000 (Coordinated Universal Time)
1123	639	14481	Fri Mar 24 2023 00:00:00 GMT+0000 (Coordinated Universal Time)
1124	640	14481	Fri Mar 24 2023 00:00:00 GMT+0000 (Coordinated Universal Time)
1125	641	14586	Fri Apr 01 2022 00:00:00 GMT+0000 (Coordinated Universal Time)
1126	642	14481	Fri Mar 24 2023 00:00:00 GMT+0000 (Coordinated Universal Time)
1127	643	14481	Fri Mar 24 2023 00:00:00 GMT+0000 (Coordinated Universal Time)
1128	644	14481	Fri Mar 24 2023 00:00:00 GMT+0000 (Coordinated Universal Time)
1130	646	14586	Fri Apr 01 2022 00:00:00 GMT+0000 (Coordinated Universal Time)
1131	647	14586	Fri Apr 01 2022 00:00:00 GMT+0000 (Coordinated Universal Time)
1132	648	14586	Fri Apr 01 2022 00:00:00 GMT+0000 (Coordinated Universal Time)
1133	649	14587	Fri Apr 01 2022 00:00:00 GMT+0000 (Coordinated Universal Time)
1135	651	14587	Fri Apr 01 2022 00:00:00 GMT+0000 (Coordinated Universal Time)
1137	653	14583	Fri Apr 01 2022 00:00:00 GMT+0000 (Coordinated Universal Time)
1138	654	14587	Fri Apr 01 2022 00:00:00 GMT+0000 (Coordinated Universal Time)
1139	655	14587	Fri Apr 01 2022 00:00:00 GMT+0000 (Coordinated Universal Time)
1140	656	14580	Fri Apr 01 2022 00:00:00 GMT+0000 (Coordinated Universal Time)
1141	657	14481	Fri Mar 24 2023 00:00:00 GMT+0000 (Coordinated Universal Time)
1145	661	14484	Fri Mar 24 2023 00:00:00 GMT+0000 (Coordinated Universal Time)
1146	662	14583	Fri Apr 01 2022 00:00:00 GMT+0000 (Coordinated Universal Time)
1148	664	14583	Fri Apr 01 2022 00:00:00 GMT+0000 (Coordinated Universal Time)
1151	667	14580	Fri Apr 01 2022 00:00:00 GMT+0000 (Coordinated Universal Time)
1152	668	14583	Fri Apr 01 2022 00:00:00 GMT+0000 (Coordinated Universal Time)
1153	669	14587	Fri Apr 01 2022 00:00:00 GMT+0000 (Coordinated Universal Time)
1154	670	14538	Fri Apr 01 2022 00:00:00 GMT+0000 (Coordinated Universal Time)
1158	674	14481	Fri Mar 24 2023 00:00:00 GMT+0000 (Coordinated Universal Time)
1159	675	14481	Fri Mar 24 2023 00:00:00 GMT+0000 (Coordinated Universal Time)
1160	676	14481	Fri Mar 24 2023 00:00:00 GMT+0000 (Coordinated Universal Time)
1161	677	14587	Fri Apr 01 2022 00:00:00 GMT+0000 (Coordinated Universal Time)
1162	678	14481	Fri Mar 24 2023 00:00:00 GMT+0000 (Coordinated Universal Time)
1163	679	14580	Fri Apr 01 2022 00:00:00 GMT+0000 (Coordinated Universal Time)
1167	683	14481	Fri Mar 24 2023 00:00:00 GMT+0000 (Coordinated Universal Time)
1169	685	14481	Fri Mar 24 2023 00:00:00 GMT+0000 (Coordinated Universal Time)
1170	686	14580	Fri Apr 01 2022 00:00:00 GMT+0000 (Coordinated Universal Time)
1171	687	14481	Fri Mar 24 2023 00:00:00 GMT+0000 (Coordinated Universal Time)
1172	688	14481	Fri Mar 24 2023 00:00:00 GMT+0000 (Coordinated Universal Time)
1173	689	14481	Fri Mar 24 2023 00:00:00 GMT+0000 (Coordinated Universal Time)
1175	691	14586	Fri Apr 01 2022 00:00:00 GMT+0000 (Coordinated Universal Time)
1178	694	14583	Fri Apr 01 2022 00:00:00 GMT+0000 (Coordinated Universal Time)
1179	695	14583	Fri Apr 01 2022 00:00:00 GMT+0000 (Coordinated Universal Time)
1180	696	14583	Fri Apr 01 2022 00:00:00 GMT+0000 (Coordinated Universal Time)
1181	697	14583	Fri Apr 01 2022 00:00:00 GMT+0000 (Coordinated Universal Time)
1182	698	14580	Fri Apr 01 2022 00:00:00 GMT+0000 (Coordinated Universal Time)
1186	702	14481	Fri Mar 24 2023 00:00:00 GMT+0000 (Coordinated Universal Time)
1193	709	14484	Mon Mar 27 2023 00:00:00 GMT+0000 (Coordinated Universal Time)
1206	722	14481	Fri Mar 24 2023 00:00:00 GMT+0000 (Coordinated Universal Time)
1217	733	14481	Fri Mar 24 2023 00:00:00 GMT+0000 (Coordinated Universal Time)
1219	735	14481	Fri Mar 24 2023 00:00:00 GMT+0000 (Coordinated Universal Time)
1220	736	14587	Fri Apr 01 2022 00:00:00 GMT+0000 (Coordinated Universal Time)
1221	737	14484	Fri Mar 24 2023 00:00:00 GMT+0000 (Coordinated Universal Time)
1222	738	14587	Fri Apr 01 2022 00:00:00 GMT+0000 (Coordinated Universal Time)
1223	739	14587	Fri Apr 01 2022 00:00:00 GMT+0000 (Coordinated Universal Time)
1224	740	14481	Fri Mar 24 2023 00:00:00 GMT+0000 (Coordinated Universal Time)
1229	745	14585	Fri Apr 01 2022 00:00:00 GMT+0000 (Coordinated Universal Time)
1230	746	14581	Fri Apr 01 2022 00:00:00 GMT+0000 (Coordinated Universal Time)
1232	748	14581	Fri Apr 01 2022 00:00:00 GMT+0000 (Coordinated Universal Time)
1235	751	14481	Fri Mar 24 2023 00:00:00 GMT+0000 (Coordinated Universal Time)
1238	754	14583	Fri Apr 01 2022 00:00:00 GMT+0000 (Coordinated Universal Time)
1239	755	14583	Fri Apr 01 2022 00:00:00 GMT+0000 (Coordinated Universal Time)
1240	756	14583	Fri Apr 01 2022 00:00:00 GMT+0000 (Coordinated Universal Time)
1241	757	14583	Fri Apr 01 2022 00:00:00 GMT+0000 (Coordinated Universal Time)
1242	758	14583	Fri Apr 01 2022 00:00:00 GMT+0000 (Coordinated Universal Time)
1243	759	14585	Fri Apr 01 2022 00:00:00 GMT+0000 (Coordinated Universal Time)
1244	760	14583	Fri Apr 01 2022 00:00:00 GMT+0000 (Coordinated Universal Time)
1245	761	14585	Fri Apr 01 2022 00:00:00 GMT+0000 (Coordinated Universal Time)
1246	762	14583	Fri Apr 01 2022 00:00:00 GMT+0000 (Coordinated Universal Time)
1250	766	14583	Fri Apr 01 2022 00:00:00 GMT+0000 (Coordinated Universal Time)
1251	767	14583	Fri Apr 01 2022 00:00:00 GMT+0000 (Coordinated Universal Time)
1252	768	14583	Fri Apr 01 2022 00:00:00 GMT+0000 (Coordinated Universal Time)
1253	769	14583	Fri Apr 01 2022 00:00:00 GMT+0000 (Coordinated Universal Time)
1254	770	14583	Fri Apr 01 2022 00:00:00 GMT+0000 (Coordinated Universal Time)
1255	771	14583	Fri Apr 01 2022 00:00:00 GMT+0000 (Coordinated Universal Time)
1256	772	14484	Fri Mar 24 2023 00:00:00 GMT+0000 (Coordinated Universal Time)
1257	773	14484	Fri Mar 24 2023 00:00:00 GMT+0000 (Coordinated Universal Time)
1258	774	14484	Fri Mar 24 2023 00:00:00 GMT+0000 (Coordinated Universal Time)
1265	781	14581	Fri Apr 01 2022 00:00:00 GMT+0000 (Coordinated Universal Time)
1266	782	14580	Fri Apr 01 2022 00:00:00 GMT+0000 (Coordinated Universal Time)
1268	784	14580	Fri Apr 01 2022 00:00:00 GMT+0000 (Coordinated Universal Time)
1269	785	14481	Fri Mar 24 2023 00:00:00 GMT+0000 (Coordinated Universal Time)
1274	790	14580	Fri Apr 01 2022 00:00:00 GMT+0000 (Coordinated Universal Time)
1277	793	14580	Fri Apr 01 2022 00:00:00 GMT+0000 (Coordinated Universal Time)
1283	799	14481	Fri Mar 24 2023 00:00:00 GMT+0000 (Coordinated Universal Time)
1285	801	14481	Fri Mar 24 2023 00:00:00 GMT+0000 (Coordinated Universal Time)
1288	804	14481	Fri Mar 24 2023 00:00:00 GMT+0000 (Coordinated Universal Time)
1291	807	14587	Fri Apr 01 2022 00:00:00 GMT+0000 (Coordinated Universal Time)
1292	808	14481	Fri Mar 24 2023 00:00:00 GMT+0000 (Coordinated Universal Time)
1293	809	14481	Fri Mar 24 2023 00:00:00 GMT+0000 (Coordinated Universal Time)
1294	810	14481	Fri Mar 24 2023 00:00:00 GMT+0000 (Coordinated Universal Time)
1295	811	14481	Fri Mar 24 2023 00:00:00 GMT+0000 (Coordinated Universal Time)
1297	813	14583	Fri Apr 01 2022 00:00:00 GMT+0000 (Coordinated Universal Time)
1298	814	14583	Fri Apr 01 2022 00:00:00 GMT+0000 (Coordinated Universal Time)
1299	815	14583	Fri Apr 01 2022 00:00:00 GMT+0000 (Coordinated Universal Time)
1300	816	14583	Fri Apr 01 2022 00:00:00 GMT+0000 (Coordinated Universal Time)
1301	817	14583	Fri Apr 01 2022 00:00:00 GMT+0000 (Coordinated Universal Time)
1302	818	14481	Fri Mar 24 2023 00:00:00 GMT+0000 (Coordinated Universal Time)
1304	820	14587	Fri Apr 01 2022 00:00:00 GMT+0000 (Coordinated Universal Time)
1307	823	14481	Fri Mar 24 2023 00:00:00 GMT+0000 (Coordinated Universal Time)
1315	831	14580	Fri Apr 01 2022 00:00:00 GMT+0000 (Coordinated Universal Time)
1316	832	14484	Fri Mar 24 2023 00:00:00 GMT+0000 (Coordinated Universal Time)
1318	834	14586	Fri Apr 01 2022 00:00:00 GMT+0000 (Coordinated Universal Time)
1319	835	14580	Fri Apr 01 2022 00:00:00 GMT+0000 (Coordinated Universal Time)
1322	838	14481	Fri Mar 24 2023 00:00:00 GMT+0000 (Coordinated Universal Time)
1323	839	14481	Fri Mar 24 2023 00:00:00 GMT+0000 (Coordinated Universal Time)
1324	840	14580	Fri Apr 01 2022 00:00:00 GMT+0000 (Coordinated Universal Time)
1325	841	14580	Fri Apr 01 2022 00:00:00 GMT+0000 (Coordinated Universal Time)
1326	842	14580	Fri Apr 01 2022 00:00:00 GMT+0000 (Coordinated Universal Time)
1328	844	14484	Fri Mar 24 2023 00:00:00 GMT+0000 (Coordinated Universal Time)
1333	849	14481	Fri Mar 24 2023 00:00:00 GMT+0000 (Coordinated Universal Time)
1334	850	14481	Fri Mar 24 2023 00:00:00 GMT+0000 (Coordinated Universal Time)
1336	852	14583	Fri Apr 01 2022 00:00:00 GMT+0000 (Coordinated Universal Time)
1337	853	14581	Fri Apr 01 2022 00:00:00 GMT+0000 (Coordinated Universal Time)
1338	854	14481	Fri Mar 24 2023 00:00:00 GMT+0000 (Coordinated Universal Time)
1339	855	14583	Fri Apr 01 2022 00:00:00 GMT+0000 (Coordinated Universal Time)
1340	856	14583	Fri Apr 01 2022 00:00:00 GMT+0000 (Coordinated Universal Time)
1341	857	14583	Fri Apr 01 2022 00:00:00 GMT+0000 (Coordinated Universal Time)
1354	870	14583	Fri Apr 01 2022 00:00:00 GMT+0000 (Coordinated Universal Time)
1355	871	14583	Fri Apr 01 2022 00:00:00 GMT+0000 (Coordinated Universal Time)
1356	872	14481	Fri Mar 24 2023 00:00:00 GMT+0000 (Coordinated Universal Time)
1357	873	14583	Fri Apr 01 2022 00:00:00 GMT+0000 (Coordinated Universal Time)
1358	874	14583	Fri Apr 01 2022 00:00:00 GMT+0000 (Coordinated Universal Time)
1359	875	14583	Fri Apr 01 2022 00:00:00 GMT+0000 (Coordinated Universal Time)
1360	876	14580	Fri Apr 01 2022 00:00:00 GMT+0000 (Coordinated Universal Time)
1361	877	14585	Fri Apr 01 2022 00:00:00 GMT+0000 (Coordinated Universal Time)
1362	878	14583	Fri Mar 24 2023 00:00:00 GMT+0000 (Coordinated Universal Time)
1365	881	14481	Fri Mar 24 2023 00:00:00 GMT+0000 (Coordinated Universal Time)
1368	884	14587	Fri Apr 01 2022 00:00:00 GMT+0000 (Coordinated Universal Time)
1369	885	14587	Fri Apr 01 2022 00:00:00 GMT+0000 (Coordinated Universal Time)
1372	888	14587	Fri Apr 01 2022 00:00:00 GMT+0000 (Coordinated Universal Time)
1375	891	14580	Fri Apr 01 2022 00:00:00 GMT+0000 (Coordinated Universal Time)
1377	893	14481	Fri Mar 24 2023 00:00:00 GMT+0000 (Coordinated Universal Time)
1378	894	14481	Fri Mar 24 2023 00:00:00 GMT+0000 (Coordinated Universal Time)
1380	896	14580	Fri Apr 01 2022 00:00:00 GMT+0000 (Coordinated Universal Time)
1381	897	14481	Fri Mar 24 2023 00:00:00 GMT+0000 (Coordinated Universal Time)
1382	898	14484	Fri Mar 24 2023 00:00:00 GMT+0000 (Coordinated Universal Time)
1386	902	14587	Fri Apr 01 2022 00:00:00 GMT+0000 (Coordinated Universal Time)
1388	904	14583	Fri Apr 01 2022 00:00:00 GMT+0000 (Coordinated Universal Time)
1389	905	14583	Fri Apr 01 2022 00:00:00 GMT+0000 (Coordinated Universal Time)
1390	906	14583	Fri Apr 01 2022 00:00:00 GMT+0000 (Coordinated Universal Time)
1391	907	14583	Fri Apr 01 2022 00:00:00 GMT+0000 (Coordinated Universal Time)
1392	908	14583	Fri Apr 01 2022 00:00:00 GMT+0000 (Coordinated Universal Time)
1393	909	14580	Fri Apr 01 2022 00:00:00 GMT+0000 (Coordinated Universal Time)
1394	910	14586	Fri Apr 01 2022 00:00:00 GMT+0000 (Coordinated Universal Time)
1396	912	14481	Fri Mar 24 2023 00:00:00 GMT+0000 (Coordinated Universal Time)
1400	916	14581	Fri Apr 01 2022 00:00:00 GMT+0000 (Coordinated Universal Time)
1401	917	14484	Fri Mar 24 2023 00:00:00 GMT+0000 (Coordinated Universal Time)
1402	918	14586	Fri Apr 01 2022 00:00:00 GMT+0000 (Coordinated Universal Time)
1403	919	14580	Fri Apr 01 2022 00:00:00 GMT+0000 (Coordinated Universal Time)
1410	926	14580	Fri Apr 01 2022 00:00:00 GMT+0000 (Coordinated Universal Time)
1412	928	14580	Fri Apr 01 2022 00:00:00 GMT+0000 (Coordinated Universal Time)
1413	929	14583	Fri Apr 01 2022 00:00:00 GMT+0000 (Coordinated Universal Time)
1415	931	14581	Fri Apr 01 2022 00:00:00 GMT+0000 (Coordinated Universal Time)
1416	932	14581	Fri Apr 01 2022 00:00:00 GMT+0000 (Coordinated Universal Time)
1417	933	14581	Fri Apr 01 2022 00:00:00 GMT+0000 (Coordinated Universal Time)
1418	934	14581	Fri Apr 01 2022 00:00:00 GMT+0000 (Coordinated Universal Time)
1419	935	14580	Fri Apr 01 2022 00:00:00 GMT+0000 (Coordinated Universal Time)
1421	937	14583	Fri Apr 01 2022 00:00:00 GMT+0000 (Coordinated Universal Time)
1424	940	14580	Fri Apr 01 2022 00:00:00 GMT+0000 (Coordinated Universal Time)
1425	941	14580	Fri Apr 01 2022 00:00:00 GMT+0000 (Coordinated Universal Time)
1426	942	14587	Fri Apr 01 2022 00:00:00 GMT+0000 (Coordinated Universal Time)
1427	943	14580	Fri Apr 01 2022 00:00:00 GMT+0000 (Coordinated Universal Time)
1428	944	14583	Fri Apr 01 2022 00:00:00 GMT+0000 (Coordinated Universal Time)
1429	945	14484	Fri Mar 24 2023 00:00:00 GMT+0000 (Coordinated Universal Time)
1430	946	14583	Fri Apr 01 2022 00:00:00 GMT+0000 (Coordinated Universal Time)
1431	947	14580	Fri Apr 01 2022 00:00:00 GMT+0000 (Coordinated Universal Time)
1433	949	14583	Fri Apr 01 2022 00:00:00 GMT+0000 (Coordinated Universal Time)
1434	950	14583	Fri Apr 01 2022 00:00:00 GMT+0000 (Coordinated Universal Time)
1435	951	14580	Fri Apr 01 2022 00:00:00 GMT+0000 (Coordinated Universal Time)
1438	954	14481	Fri Mar 24 2023 00:00:00 GMT+0000 (Coordinated Universal Time)
1439	955	14587	Fri Apr 01 2022 00:00:00 GMT+0000 (Coordinated Universal Time)
1440	956	14481	Fri Mar 24 2023 00:00:00 GMT+0000 (Coordinated Universal Time)
1441	957	14484	Fri Mar 24 2023 00:00:00 GMT+0000 (Coordinated Universal Time)
1442	958	14484	Fri Mar 24 2023 00:00:00 GMT+0000 (Coordinated Universal Time)
1443	959	14481	Fri Mar 24 2023 00:00:00 GMT+0000 (Coordinated Universal Time)
1445	961	14580	Fri Apr 01 2022 00:00:00 GMT+0000 (Coordinated Universal Time)
1446	962	14481	Fri Mar 24 2023 00:00:00 GMT+0000 (Coordinated Universal Time)
1448	964	14481	Fri Mar 24 2023 00:00:00 GMT+0000 (Coordinated Universal Time)
1449	965	14583	Fri Apr 01 2022 00:00:00 GMT+0000 (Coordinated Universal Time)
1450	966	14583	Fri Apr 01 2022 00:00:00 GMT+0000 (Coordinated Universal Time)
1452	968	14580	Fri Apr 01 2022 00:00:00 GMT+0000 (Coordinated Universal Time)
1453	969	14583	Fri Apr 01 2022 00:00:00 GMT+0000 (Coordinated Universal Time)
1454	970	14481	Fri Mar 24 2023 00:00:00 GMT+0000 (Coordinated Universal Time)
1457	973	14484	Fri Mar 24 2023 00:00:00 GMT+0000 (Coordinated Universal Time)
1461	977	14586	Fri Apr 01 2022 00:00:00 GMT+0000 (Coordinated Universal Time)
1462	978	14586	Fri Apr 01 2022 00:00:00 GMT+0000 (Coordinated Universal Time)
1463	979	14587	Fri Apr 01 2022 00:00:00 GMT+0000 (Coordinated Universal Time)
1468	984	14583	Fri Apr 01 2022 00:00:00 GMT+0000 (Coordinated Universal Time)
1471	987	14587	Fri Apr 01 2022 00:00:00 GMT+0000 (Coordinated Universal Time)
1472	988	14583	Fri Apr 01 2022 00:00:00 GMT+0000 (Coordinated Universal Time)
1473	989	14583	Fri Apr 01 2022 00:00:00 GMT+0000 (Coordinated Universal Time)
1474	990	14583	Fri Apr 01 2022 00:00:00 GMT+0000 (Coordinated Universal Time)
1475	991	14583	Fri Apr 01 2022 00:00:00 GMT+0000 (Coordinated Universal Time)
1476	992	14587	Fri Apr 01 2022 00:00:00 GMT+0000 (Coordinated Universal Time)
1477	993	14583	Fri Apr 01 2022 00:00:00 GMT+0000 (Coordinated Universal Time)
1478	994	14484	Fri Mar 24 2023 00:00:00 GMT+0000 (Coordinated Universal Time)
1479	995	14484	Fri Mar 24 2023 00:00:00 GMT+0000 (Coordinated Universal Time)
1480	996	14580	Fri Apr 01 2022 00:00:00 GMT+0000 (Coordinated Universal Time)
1481	997	14484	Fri Mar 24 2023 00:00:00 GMT+0000 (Coordinated Universal Time)
1482	998	14484	Fri Mar 24 2023 00:00:00 GMT+0000 (Coordinated Universal Time)
1483	999	14484	Fri Mar 24 2023 00:00:00 GMT+0000 (Coordinated Universal Time)
1484	1000	14484	Fri Mar 24 2023 00:00:00 GMT+0000 (Coordinated Universal Time)
1485	1001	14583	Fri Apr 01 2022 00:00:00 GMT+0000 (Coordinated Universal Time)
1487	1003	14580	Fri Apr 01 2022 00:00:00 GMT+0000 (Coordinated Universal Time)
1490	1006	14481	Fri Mar 24 2023 00:00:00 GMT+0000 (Coordinated Universal Time)
1491	1007	14484	Fri Mar 24 2023 00:00:00 GMT+0000 (Coordinated Universal Time)
1492	1008	14583	Fri Apr 01 2022 00:00:00 GMT+0000 (Coordinated Universal Time)
1493	1009	14583	Fri Apr 01 2022 00:00:00 GMT+0000 (Coordinated Universal Time)
1494	1010	14583	Fri Apr 01 2022 00:00:00 GMT+0000 (Coordinated Universal Time)
1495	1011	14583	Fri Apr 01 2022 00:00:00 GMT+0000 (Coordinated Universal Time)
1496	1012	14583	Fri Apr 01 2022 00:00:00 GMT+0000 (Coordinated Universal Time)
1497	1013	14583	Fri Apr 01 2022 00:00:00 GMT+0000 (Coordinated Universal Time)
1498	1014	14587	Fri Apr 01 2022 00:00:00 GMT+0000 (Coordinated Universal Time)
1501	1017	14481	Fri Mar 24 2023 00:00:00 GMT+0000 (Coordinated Universal Time)
1502	1018	14481	Fri Mar 24 2023 00:00:00 GMT+0000 (Coordinated Universal Time)
1503	1019	14580	Fri Apr 01 2022 00:00:00 GMT+0000 (Coordinated Universal Time)
1504	1020	14481	Fri Mar 24 2023 00:00:00 GMT+0000 (Coordinated Universal Time)
1505	1021	14583	Fri Apr 01 2022 00:00:00 GMT+0000 (Coordinated Universal Time)
1512	1028	14581	Fri Apr 01 2022 00:00:00 GMT+0000 (Coordinated Universal Time)
1513	1029	14586	Fri Apr 01 2022 00:00:00 GMT+0000 (Coordinated Universal Time)
1514	1030	14580	Fri Apr 01 2022 00:00:00 GMT+0000 (Coordinated Universal Time)
1515	1031	14481	Fri Mar 24 2023 00:00:00 GMT+0000 (Coordinated Universal Time)
1516	1032	14586	Fri Apr 01 2022 00:00:00 GMT+0000 (Coordinated Universal Time)
1517	1033	14481	Fri Mar 24 2023 00:00:00 GMT+0000 (Coordinated Universal Time)
1521	1037	14583	Fri Apr 01 2022 00:00:00 GMT+0000 (Coordinated Universal Time)
1522	1038	14580	Fri Apr 01 2022 00:00:00 GMT+0000 (Coordinated Universal Time)
1523	1039	14580	Fri Apr 01 2022 00:00:00 GMT+0000 (Coordinated Universal Time)
1525	1041	14481	Fri Mar 24 2023 00:00:00 GMT+0000 (Coordinated Universal Time)
1526	1042	14580	Fri Apr 01 2022 00:00:00 GMT+0000 (Coordinated Universal Time)
1527	1043	14583	Fri Apr 01 2022 00:00:00 GMT+0000 (Coordinated Universal Time)
1528	1044	14586	Fri Apr 01 2022 00:00:00 GMT+0000 (Coordinated Universal Time)
1529	1045	14580	Fri Apr 01 2022 00:00:00 GMT+0000 (Coordinated Universal Time)
1531	1047	14586	Fri Apr 01 2022 00:00:00 GMT+0000 (Coordinated Universal Time)
1533	1049	14583	Fri Apr 01 2022 00:00:00 GMT+0000 (Coordinated Universal Time)
1534	1050	14587	Fri Apr 01 2022 00:00:00 GMT+0000 (Coordinated Universal Time)
1535	1051	14583	Fri Apr 01 2022 00:00:00 GMT+0000 (Coordinated Universal Time)
1536	1052	14481	Fri Mar 24 2023 00:00:00 GMT+0000 (Coordinated Universal Time)
1537	1053	14583	Fri Apr 01 2022 00:00:00 GMT+0000 (Coordinated Universal Time)
1538	1054	14484	Fri Mar 24 2023 00:00:00 GMT+0000 (Coordinated Universal Time)
1539	1055	14580	Fri Apr 01 2022 00:00:00 GMT+0000 (Coordinated Universal Time)
1540	1056	14587	Fri Apr 01 2022 00:00:00 GMT+0000 (Coordinated Universal Time)
1541	1057	14583	Fri Apr 01 2022 00:00:00 GMT+0000 (Coordinated Universal Time)
1542	1058	14484	Fri Mar 24 2023 00:00:00 GMT+0000 (Coordinated Universal Time)
1543	1059	14481	Fri Mar 24 2023 00:00:00 GMT+0000 (Coordinated Universal Time)
1547	1063	14583	Fri Apr 01 2022 00:00:00 GMT+0000 (Coordinated Universal Time)
1548	1064	14583	Fri Apr 01 2022 00:00:00 GMT+0000 (Coordinated Universal Time)
1549	1065	14587	Fri Apr 01 2022 00:00:00 GMT+0000 (Coordinated Universal Time)
1550	1066	14580	Fri Apr 01 2022 00:00:00 GMT+0000 (Coordinated Universal Time)
1551	1067	14481	Fri Mar 24 2023 00:00:00 GMT+0000 (Coordinated Universal Time)
1552	1068	14481	Fri Mar 24 2023 00:00:00 GMT+0000 (Coordinated Universal Time)
1553	1069	14481	Fri Mar 24 2023 00:00:00 GMT+0000 (Coordinated Universal Time)
1554	1070	14481	Fri Mar 24 2023 00:00:00 GMT+0000 (Coordinated Universal Time)
1555	1071	14481	Fri Mar 24 2023 00:00:00 GMT+0000 (Coordinated Universal Time)
1556	1072	14481	Fri Mar 24 2023 00:00:00 GMT+0000 (Coordinated Universal Time)
1557	1073	14481	Fri Mar 24 2023 00:00:00 GMT+0000 (Coordinated Universal Time)
1562	14456	14581	Fri Apr 01 2022 00:00:00 GMT+0000 (Coordinated Universal Time)
1563	14455	14587	Fri Apr 01 2022 00:00:00 GMT+0000 (Coordinated Universal Time)
1564	14457	14587	Fri Apr 01 2022 00:00:00 GMT+0000 (Coordinated Universal Time)
1565	14459	14484	Fri Mar 24 2023 00:00:00 GMT+0000 (Coordinated Universal Time)
1566	14460	14579	Fri Apr 01 2022 00:00:00 GMT+0000 (Coordinated Universal Time)
1567	14473	14484	Fri Mar 24 2023 00:00:00 GMT+0000 (Coordinated Universal Time)
1570	14593	14587	Fri Apr 01 2022 00:00:00 GMT+0000 (Coordinated Universal Time)
1571	14594	14538	Fri Apr 01 2022 00:00:00 GMT+0000 (Coordinated Universal Time)
1572	14595	14538	Fri Apr 01 2022 00:00:00 GMT+0000 (Coordinated Universal Time)
1573	14631	14481	Fri Mar 24 2023 00:00:00 GMT+0000 (Coordinated Universal Time)
1578	14652	14481	Fri Mar 24 2023 00:00:00 GMT+0000 (Coordinated Universal Time)
1579	14666	14587	Fri Apr 01 2022 00:00:00 GMT+0000 (Coordinated Universal Time)
1580	14663	14587	Fri Apr 01 2022 00:00:00 GMT+0000 (Coordinated Universal Time)
1581	14664	14587	Fri Apr 01 2022 00:00:00 GMT+0000 (Coordinated Universal Time)
1582	14665	14587	Fri Apr 01 2022 00:00:00 GMT+0000 (Coordinated Universal Time)
1583	14653	14586	Fri Apr 01 2022 00:00:00 GMT+0000 (Coordinated Universal Time)
1584	14667	14586	Fri Apr 01 2022 00:00:00 GMT+0000 (Coordinated Universal Time)
1585	14668	14586	Fri Apr 01 2022 00:00:00 GMT+0000 (Coordinated Universal Time)
1586	14669	14580	Fri Apr 01 2022 00:00:00 GMT+0000 (Coordinated Universal Time)
1587	14670	14481	Fri Mar 24 2023 00:00:00 GMT+0000 (Coordinated Universal Time)
1588	14680	14583	Fri Apr 01 2022 00:00:00 GMT+0000 (Coordinated Universal Time)
1589	14679	14583	Fri Apr 01 2022 00:00:00 GMT+0000 (Coordinated Universal Time)
1590	14678	14583	Fri Apr 01 2022 00:00:00 GMT+0000 (Coordinated Universal Time)
1591	14677	14583	Fri Apr 01 2022 00:00:00 GMT+0000 (Coordinated Universal Time)
1592	14694	14481	Fri Mar 24 2023 00:00:00 GMT+0000 (Coordinated Universal Time)
1595	14763	14481	Fri Mar 24 2023 00:00:00 GMT+0000 (Coordinated Universal Time)
1596	14767	14481	Fri Mar 24 2023 00:00:00 GMT+0000 (Coordinated Universal Time)
1599	14784	14587	Fri Apr 01 2022 00:00:00 GMT+0000 (Coordinated Universal Time)
1601	14848	14484	Fri Mar 24 2023 00:00:00 GMT+0000 (Coordinated Universal Time)
1602	14847	14481	Fri Mar 24 2023 00:00:00 GMT+0000 (Coordinated Universal Time)
1606	14903	14481	Fri Mar 24 2023 00:00:00 GMT+0000 (Coordinated Universal Time)
1607	14990	14481	Fri Mar 24 2023 00:00:00 GMT+0000 (Coordinated Universal Time)
1608	568	14585	Fri Apr 01 2022 00:00:00 GMT+0000 (Coordinated Universal Time)
1612	14997	14481	Fri Mar 24 2023 00:00:00 GMT+0000 (Coordinated Universal Time)
1614	15229	14481	Fri Mar 24 2023 00:00:00 GMT+0000 (Coordinated Universal Time)
1615	15256	14481	Fri Mar 24 2023 00:00:00 GMT+0000 (Coordinated Universal Time)
1616	15263	14580	Fri Apr 01 2022 00:00:00 GMT+0000 (Coordinated Universal Time)
1617	15264	14580	Fri Apr 01 2022 00:00:00 GMT+0000 (Coordinated Universal Time)
1618	15272	14580	Fri Apr 01 2022 00:00:00 GMT+0000 (Coordinated Universal Time)
1619	15274	14481	Fri Mar 24 2023 00:00:00 GMT+0000 (Coordinated Universal Time)
1620	15276	14481	Fri Mar 24 2023 00:00:00 GMT+0000 (Coordinated Universal Time)
1621	15281	14481	Fri Mar 24 2023 00:00:00 GMT+0000 (Coordinated Universal Time)
1622	15378	14481	Fri Mar 24 2023 00:00:00 GMT+0000 (Coordinated Universal Time)
1623	15379	14481	Fri Mar 24 2023 00:00:00 GMT+0000 (Coordinated Universal Time)
1624	15392	14580	Fri Apr 01 2022 00:00:00 GMT+0000 (Coordinated Universal Time)
1629	15405	14587	Fri Apr 01 2022 00:00:00 GMT+0000 (Coordinated Universal Time)
1633	15419	14587	Fri Apr 01 2022 00:00:00 GMT+0000 (Coordinated Universal Time)
1634	15420	14587	Fri Apr 01 2022 00:00:00 GMT+0000 (Coordinated Universal Time)
1635	15496	14583	Fri Apr 01 2022 00:00:00 GMT+0000 (Coordinated Universal Time)
1636	15497	14587	Fri Apr 01 2022 00:00:00 GMT+0000 (Coordinated Universal Time)
1639	15502	14583	Fri Apr 01 2022 00:00:00 GMT+0000 (Coordinated Universal Time)
1640	15501	14583	Fri Apr 01 2022 00:00:00 GMT+0000 (Coordinated Universal Time)
1641	15500	14586	Fri Apr 01 2022 00:00:00 GMT+0000 (Coordinated Universal Time)
1642	15534	14587	Fri Apr 01 2022 00:00:00 GMT+0000 (Coordinated Universal Time)
1643	14998	14583	Fri Apr 01 2022 00:00:00 GMT+0000 (Coordinated Universal Time)
1644	15542	14481	Fri Mar 24 2023 00:00:00 GMT+0000 (Coordinated Universal Time)
1646	16517	14481	Fri Mar 24 2023 00:00:00 GMT+0000 (Coordinated Universal Time)
1647	16516	14481	Fri Mar 24 2023 00:00:00 GMT+0000 (Coordinated Universal Time)
1648	16532	14586	Fri Apr 01 2022 00:00:00 GMT+0000 (Coordinated Universal Time)
1649	16558	14586	Fri Apr 01 2022 00:00:00 GMT+0000 (Coordinated Universal Time)
1650	16555	14586	Fri Apr 01 2022 00:00:00 GMT+0000 (Coordinated Universal Time)
1651	16556	14586	Fri Apr 01 2022 00:00:00 GMT+0000 (Coordinated Universal Time)
1652	16559	14586	Fri Apr 01 2022 00:00:00 GMT+0000 (Coordinated Universal Time)
1653	16557	14586	Fri Apr 01 2022 00:00:00 GMT+0000 (Coordinated Universal Time)
1654	16554	14587	Fri Apr 01 2022 00:00:00 GMT+0000 (Coordinated Universal Time)
1655	16553	14587	Fri Apr 01 2022 00:00:00 GMT+0000 (Coordinated Universal Time)
1656	16560	14587	Fri Apr 01 2022 00:00:00 GMT+0000 (Coordinated Universal Time)
1657	16552	14587	Fri Apr 01 2022 00:00:00 GMT+0000 (Coordinated Universal Time)
1658	16561	14587	Fri Apr 01 2022 00:00:00 GMT+0000 (Coordinated Universal Time)
1659	16562	14587	Fri Apr 01 2022 00:00:00 GMT+0000 (Coordinated Universal Time)
1660	16563	14586	Fri Apr 01 2022 00:00:00 GMT+0000 (Coordinated Universal Time)
1661	16564	14580	Fri Apr 01 2022 00:00:00 GMT+0000 (Coordinated Universal Time)
1662	16565	14587	Fri Apr 01 2022 00:00:00 GMT+0000 (Coordinated Universal Time)
1663	16566	14481	Fri Mar 24 2023 00:00:00 GMT+0000 (Coordinated Universal Time)
1664	16577	14587	Fri Apr 01 2022 00:00:00 GMT+0000 (Coordinated Universal Time)
1666	16579	14481	Fri Mar 24 2023 00:00:00 GMT+0000 (Coordinated Universal Time)
1667	16589	14580	Fri Apr 01 2022 00:00:00 GMT+0000 (Coordinated Universal Time)
1668	16588	14481	Fri Mar 24 2023 00:00:00 GMT+0000 (Coordinated Universal Time)
1669	16590	14481	Fri Mar 24 2023 00:00:00 GMT+0000 (Coordinated Universal Time)
1670	16602	14481	Fri Mar 24 2023 00:00:00 GMT+0000 (Coordinated Universal Time)
1671	16607	14481	Fri Mar 24 2023 00:00:00 GMT+0000 (Coordinated Universal Time)
1672	16614	14587	Fri Apr 01 2022 00:00:00 GMT+0000 (Coordinated Universal Time)
1673	16613	14587	Fri Apr 01 2022 00:00:00 GMT+0000 (Coordinated Universal Time)
1674	16612	14587	Fri Apr 01 2022 00:00:00 GMT+0000 (Coordinated Universal Time)
1675	16611	14587	Fri Apr 01 2022 00:00:00 GMT+0000 (Coordinated Universal Time)
1676	16616	14587	Fri Apr 01 2022 00:00:00 GMT+0000 (Coordinated Universal Time)
1677	16629	14481	Fri Mar 24 2023 00:00:00 GMT+0000 (Coordinated Universal Time)
1684	16637	14583	Fri Apr 01 2022 00:00:00 GMT+0000 (Coordinated Universal Time)
1685	16638	14583	Fri Apr 01 2022 00:00:00 GMT+0000 (Coordinated Universal Time)
1687	16639	14583	Fri Apr 01 2022 00:00:00 GMT+0000 (Coordinated Universal Time)
1688	16640	14481	Fri Mar 24 2023 00:00:00 GMT+0000 (Coordinated Universal Time)
1691	16691	14583	Fri Apr 01 2022 00:00:00 GMT+0000 (Coordinated Universal Time)
1694	16695	14583	Fri Apr 01 2022 00:00:00 GMT+0000 (Coordinated Universal Time)
1695	16696	14580	Fri Apr 01 2022 00:00:00 GMT+0000 (Coordinated Universal Time)
1696	16725	14481	Fri Mar 24 2023 00:00:00 GMT+0000 (Coordinated Universal Time)
1697	16749	14580	Fri Apr 01 2022 00:00:00 GMT+0000 (Coordinated Universal Time)
1698	16759	14579	Fri Apr 01 2022 00:00:00 GMT+0000 (Coordinated Universal Time)
1699	16760	14481	Fri Mar 24 2023 00:00:00 GMT+0000 (Coordinated Universal Time)
1701	16778	14585	Fri Apr 01 2022 00:00:00 GMT+0000 (Coordinated Universal Time)
1702	16779	14585	Fri Apr 01 2022 00:00:00 GMT+0000 (Coordinated Universal Time)
1703	16777	14481	Fri Mar 24 2023 00:00:00 GMT+0000 (Coordinated Universal Time)
1704	16794	14587	Fri Apr 01 2022 00:00:00 GMT+0000 (Coordinated Universal Time)
1705	16786	14583	Fri Apr 01 2022 00:00:00 GMT+0000 (Coordinated Universal Time)
1706	16787	14481	Fri Mar 24 2023 00:00:00 GMT+0000 (Coordinated Universal Time)
1708	16799	14580	Fri Apr 01 2022 00:00:00 GMT+0000 (Coordinated Universal Time)
1711	16846	14580	Fri Apr 01 2022 00:00:00 GMT+0000 (Coordinated Universal Time)
1712	16849	14587	Fri Apr 01 2022 00:00:00 GMT+0000 (Coordinated Universal Time)
1713	16900	14484	Fri Mar 24 2023 00:00:00 GMT+0000 (Coordinated Universal Time)
1715	16924	14580	Fri Apr 01 2022 00:00:00 GMT+0000 (Coordinated Universal Time)
1718	16930	14583	Fri Apr 01 2022 00:00:00 GMT+0000 (Coordinated Universal Time)
1719	16927	14583	Fri Apr 01 2022 00:00:00 GMT+0000 (Coordinated Universal Time)
1720	16945	14583	Fri Apr 01 2022 00:00:00 GMT+0000 (Coordinated Universal Time)
1721	16946	14587	Fri Apr 01 2022 00:00:00 GMT+0000 (Coordinated Universal Time)
1722	17016	14580	Fri Apr 01 2022 00:00:00 GMT+0000 (Coordinated Universal Time)
1723	17017	14481	Fri Mar 24 2023 00:00:00 GMT+0000 (Coordinated Universal Time)
1725	17023	14484	Fri Mar 24 2023 00:00:00 GMT+0000 (Coordinated Universal Time)
1726	17049	14587	Fri Apr 01 2022 00:00:00 GMT+0000 (Coordinated Universal Time)
1727	17053	14481	Fri Mar 24 2023 00:00:00 GMT+0000 (Coordinated Universal Time)
1728	17056	14481	Fri Mar 24 2023 00:00:00 GMT+0000 (Coordinated Universal Time)
1729	17055	14481	Fri Mar 24 2023 00:00:00 GMT+0000 (Coordinated Universal Time)
1731	17182	14587	Fri Apr 01 2022 00:00:00 GMT+0000 (Coordinated Universal Time)
1732	17183	14587	Fri Apr 01 2022 00:00:00 GMT+0000 (Coordinated Universal Time)
1733	17184	14481	Fri Mar 24 2023 00:00:00 GMT+0000 (Coordinated Universal Time)
1735	17191	14583	Fri Nov 25 2022 00:00:00 GMT+0000 (Coordinated Universal Time)
1737	17216	14587	Fri Nov 25 2022 00:00:00 GMT+0000 (Coordinated Universal Time)
1738	17217	14587	Fri Nov 25 2022 00:00:00 GMT+0000 (Coordinated Universal Time)
1739	21570	14481	Fri Mar 24 2023 00:00:00 GMT+0000 (Coordinated Universal Time)
1741	21608	14587	Tue Nov 29 2022 00:00:00 GMT+0000 (Coordinated Universal Time)
1743	21613	14587	Tue Nov 29 2022 00:00:00 GMT+0000 (Coordinated Universal Time)
1744	21610	14584	Tue Nov 29 2022 00:00:00 GMT+0000 (Coordinated Universal Time)
1745	21620	14481	Fri Mar 24 2023 00:00:00 GMT+0000 (Coordinated Universal Time)
1746	21637	14583	Tue Jan 17 2023 00:00:00 GMT+0000 (Coordinated Universal Time)
1747	21639	14484	Fri Mar 24 2023 00:00:00 GMT+0000 (Coordinated Universal Time)
1748	21769	14583	Fri Mar 24 2023 00:00:00 GMT+0000 (Coordinated Universal Time)
1750	21790	14581	Tue Mar 28 2023 00:00:00 GMT+0000 (Coordinated Universal Time)
1751	21796	14582	Mon Jul 22 2024 00:00:00 GMT+0000 (Coordinated Universal Time)
1752	21797	14582	Mon Jul 22 2024 00:00:00 GMT+0000 (Coordinated Universal Time)
1753	21800	14587	Tue Mar 28 2023 00:00:00 GMT+0000 (Coordinated Universal Time)
1754	21820	14484	Thu Jan 23 2025 00:00:00 GMT+0000 (Coordinated Universal Time)
1756	21831	14484	Wed Apr 12 2023 00:00:00 GMT+0000 (Coordinated Universal Time)
1761	21921	14481	Mon Apr 17 2023 00:00:00 GMT+0000 (Coordinated Universal Time)
1763	22109	14583	Wed Jun 28 2023 00:00:00 GMT+0000 (Coordinated Universal Time)
1764	22110	14583	Wed Jul 05 2023 00:00:00 GMT+0000 (Coordinated Universal Time)
1777	22155	14583	Fri Dec 15 2023 00:00:00 GMT+0000 (Coordinated Universal Time)
1786	22117	14587	Tue Dec 19 2023 00:00:00 GMT+0000 (Coordinated Universal Time)
1787	22118	14587	Tue Dec 19 2023 00:00:00 GMT+0000 (Coordinated Universal Time)
1788	22187	14481	Mon Feb 19 2024 00:00:00 GMT+0000 (Coordinated Universal Time)
1789	22213	14580	Fri Mar 01 2024 00:00:00 GMT+0000 (Coordinated Universal Time)
1790	22209	14481	Fri Mar 01 2024 00:00:00 GMT+0000 (Coordinated Universal Time)
1791	22214	14580	Fri Mar 01 2024 00:00:00 GMT+0000 (Coordinated Universal Time)
1792	22223	14587	Fri Mar 01 2024 00:00:00 GMT+0000 (Coordinated Universal Time)
1793	22302	14481	Wed May 01 2024 00:00:00 GMT+0000 (Coordinated Universal Time)
1794	22334	14580	Fri Jul 05 2024 00:00:00 GMT+0000 (Coordinated Universal Time)
1795	22337	14481	Wed Jul 10 2024 00:00:00 GMT+0000 (Coordinated Universal Time)
1796	22358	14484	Thu Feb 20 2025 00:00:00 GMT+0000 (Coordinated Universal Time)
1797	23026	14481	Wed Jul 10 2024 00:00:00 GMT+0000 (Coordinated Universal Time)
1798	22387	14484	Thu Jan 23 2025 00:00:00 GMT+0000 (Coordinated Universal Time)
1799	22366	14481	Wed Jul 10 2024 00:00:00 GMT+0000 (Coordinated Universal Time)
1800	22355	14481	Wed Jul 10 2024 00:00:00 GMT+0000 (Coordinated Universal Time)
1801	22403	14481	Wed Jul 10 2024 00:00:00 GMT+0000 (Coordinated Universal Time)
1802	22405	14481	Wed Jul 10 2024 00:00:00 GMT+0000 (Coordinated Universal Time)
1803	22316	14481	Wed Jul 10 2024 00:00:00 GMT+0000 (Coordinated Universal Time)
1804	22184	14481	Wed Jul 10 2024 00:00:00 GMT+0000 (Coordinated Universal Time)
1805	22394	14484	Thu Jan 23 2025 00:00:00 GMT+0000 (Coordinated Universal Time)
1808	22419	14481	Wed Jul 10 2024 00:00:00 GMT+0000 (Coordinated Universal Time)
1809	22421	14484	Mon Sep 16 2024 00:00:00 GMT+0000 (Coordinated Universal Time)
1811	22452	14585	Wed Sep 04 2024 00:00:00 GMT+0000 (Coordinated Universal Time)
1813	22485	14481	Mon Sep 16 2024 00:00:00 GMT+0000 (Coordinated Universal Time)
1814	22491	14481	Mon Sep 16 2024 00:00:00 GMT+0000 (Coordinated Universal Time)
1815	22508	14481	Mon Sep 16 2024 00:00:00 GMT+0000 (Coordinated Universal Time)
1816	22505	14481	Mon Sep 16 2024 00:00:00 GMT+0000 (Coordinated Universal Time)
1817	23027	14484	Fri Sep 20 2024 00:00:00 GMT+0000 (Coordinated Universal Time)
1819	23085	14481	Fri Sep 27 2024 00:00:00 GMT+0000 (Coordinated Universal Time)
1820	23138	14583	Tue Oct 29 2024 00:00:00 GMT+0000 (Coordinated Universal Time)
1821	23149	14583	Wed Oct 30 2024 00:00:00 GMT+0000 (Coordinated Universal Time)
1822	23150	14583	Wed Oct 30 2024 00:00:00 GMT+0000 (Coordinated Universal Time)
1823	23152	14481	Wed Oct 30 2024 00:00:00 GMT+0000 (Coordinated Universal Time)
1825	23136	14583	Sat Nov 02 2024 00:00:00 GMT+0000 (Coordinated Universal Time)
1827	23107	14481	Sat Nov 02 2024 00:00:00 GMT+0000 (Coordinated Universal Time)
1828	23168	14580	Sat Nov 02 2024 00:00:00 GMT+0000 (Coordinated Universal Time)
1829	23174	14484	Fri Jul 21 2023 00:00:00 GMT+0000 (Coordinated Universal Time)
1830	23188	14481	Sat Nov 16 2024 00:00:00 GMT+0000 (Coordinated Universal Time)
1831	23193	14481	Sat Nov 16 2024 00:00:00 GMT+0000 (Coordinated Universal Time)
1832	23199	14583	Sat Nov 16 2024 00:00:00 GMT+0000 (Coordinated Universal Time)
1834	23219	14580	Mon Nov 18 2024 00:00:00 GMT+0000 (Coordinated Universal Time)
1835	23220	14585	Mon Nov 18 2024 00:00:00 GMT+0000 (Coordinated Universal Time)
1837	23235	14583	Thu Nov 21 2024 00:00:00 GMT+0000 (Coordinated Universal Time)
1838	23236	14583	Thu Nov 21 2024 00:00:00 GMT+0000 (Coordinated Universal Time)
1839	23237	14583	Thu Nov 21 2024 00:00:00 GMT+0000 (Coordinated Universal Time)
1840	23250	14586	Fri Nov 22 2024 00:00:00 GMT+0000 (Coordinated Universal Time)
1841	23251	14583	Fri Nov 22 2024 00:00:00 GMT+0000 (Coordinated Universal Time)
1842	23252	14583	Fri Nov 22 2024 00:00:00 GMT+0000 (Coordinated Universal Time)
1843	23253	14583	Fri Nov 22 2024 00:00:00 GMT+0000 (Coordinated Universal Time)
1844	23254	14583	Fri Nov 22 2024 00:00:00 GMT+0000 (Coordinated Universal Time)
1845	23255	14583	Fri Nov 22 2024 00:00:00 GMT+0000 (Coordinated Universal Time)
1846	23256	14586	Fri Nov 22 2024 00:00:00 GMT+0000 (Coordinated Universal Time)
1847	23614	14580	Tue Feb 11 2025 00:00:00 GMT+0000 (Coordinated Universal Time)
1848	23616	14580	Wed Feb 12 2025 00:00:00 GMT+0000 (Coordinated Universal Time)
1849	23633	14587	Thu Feb 13 2025 00:00:00 GMT+0000 (Coordinated Universal Time)
1850	23655	14587	Fri Feb 14 2025 00:00:00 GMT+0000 (Coordinated Universal Time)
1851	23656	14587	Fri Feb 14 2025 00:00:00 GMT+0000 (Coordinated Universal Time)
1852	23665	14583	Fri Feb 14 2025 00:00:00 GMT+0000 (Coordinated Universal Time)
1853	23666	14583	Fri Feb 14 2025 00:00:00 GMT+0000 (Coordinated Universal Time)
1854	23667	14583	Fri Feb 14 2025 00:00:00 GMT+0000 (Coordinated Universal Time)
1855	23668	14583	Fri Feb 14 2025 00:00:00 GMT+0000 (Coordinated Universal Time)
1856	23669	14583	Fri Feb 14 2025 00:00:00 GMT+0000 (Coordinated Universal Time)
1857	23670	14583	Fri Feb 14 2025 00:00:00 GMT+0000 (Coordinated Universal Time)
1858	23671	14583	Fri Feb 14 2025 00:00:00 GMT+0000 (Coordinated Universal Time)
1859	23672	14583	Fri Feb 14 2025 00:00:00 GMT+0000 (Coordinated Universal Time)
1860	23673	14583	Fri Feb 14 2025 00:00:00 GMT+0000 (Coordinated Universal Time)
1861	23674	14583	Fri Feb 14 2025 00:00:00 GMT+0000 (Coordinated Universal Time)
1862	23675	14583	Fri Feb 14 2025 00:00:00 GMT+0000 (Coordinated Universal Time)
1863	23676	14583	Fri Feb 14 2025 00:00:00 GMT+0000 (Coordinated Universal Time)
1864	23692	14587	Wed Feb 19 2025 00:00:00 GMT+0000 (Coordinated Universal Time)
1865	23740	14481	Sat Feb 22 2025 00:00:00 GMT+0000 (Coordinated Universal Time)
1866	23776	14583	Mon Feb 24 2025 00:00:00 GMT+0000 (Coordinated Universal Time)
1867	23777	14481	Mon Feb 24 2025 00:00:00 GMT+0000 (Coordinated Universal Time)
1868	23787	14481	Mon Feb 24 2025 00:00:00 GMT+0000 (Coordinated Universal Time)
1869	23789	14587	Mon Feb 24 2025 00:00:00 GMT+0000 (Coordinated Universal Time)
1871	23790	14583	Mon Feb 24 2025 00:00:00 GMT+0000 (Coordinated Universal Time)
1872	23791	14583	Tue Feb 25 2025 00:00:00 GMT+0000 (Coordinated Universal Time)
1873	23792	14583	Tue Feb 25 2025 00:00:00 GMT+0000 (Coordinated Universal Time)
